<?xml version="1.0"?>
<doc>
    <assembly>
        <name>System.Windows.Forms.TreeListView</name>
    </assembly>
    <members>
        <member name="T:TreeListView.TreeListViewItemsEditorForm">
            <summary>
            Editor for the TreeListView.Items property
            </summary>
        </member>
        <member name="M:TreeListView.TreeListViewItemsEditorForm.#ctor(TreeListView.TreeListViewItemCollection)">
            <summary>
            Constructor
            </summary>
            <param name="collection"></param>
        </member>
        <member name="M:TreeListView.TreeListViewItemsEditorForm.Dispose(System.Boolean)">
            <summary>
            Nettoyage des ressources utilisées.
            </summary>
        </member>
        <member name="M:TreeListView.TreeListViewItemsEditorForm.InitializeComponent">
            <summary>
            Méthode requise pour la prise en charge du concepteur - ne modifiez pas
            le contenu de cette méthode avec l'éditeur de code.
            </summary>
        </member>
        <member name="P:TreeListView.TreeListViewItemsEditorForm.Items">
            <summary>
            Get the items that are edited in this form
            </summary>
        </member>
        <member name="T:TreeListView.TreeListViewItemsEditor">
            <summary>
            UITypeEditor for the TreeListView.Items property
            </summary>
        </member>
        <member name="M:TreeListView.TreeListViewItemsEditor.#ctor">
            <summary>
            Constructor
            </summary>
        </member>
        <member name="M:TreeListView.TreeListViewItemsEditor.GetEditStyle(System.ComponentModel.ITypeDescriptorContext)">
            <summary>
            Shows a dropdown icon in the property editor
            </summary>
            <param name="context">The context of the editing control</param>
            <returns>Returns <c>UITypeEditorEditStyle.DropDown</c></returns>
        </member>
        <member name="M:TreeListView.TreeListViewItemsEditor.EditValue(System.ComponentModel.ITypeDescriptorContext,System.IServiceProvider,System.Object)">
            <summary>
            Overrides the method used to provide basic behaviour for selecting editor.
            Shows our custom control for editing the value.
            </summary>
            <param name="context">The context of the editing control</param>
            <param name="provider">A valid service provider</param>
            <param name="value">The current value of the object to edit</param>
            <returns>The new value of the object</returns>
        </member>
        <member name="T:TreeListView.ITreeListViewItemComparer">
            <summary>
            Interface ITreeListViewItemComparer
            </summary>
        </member>
        <member name="P:TreeListView.ITreeListViewItemComparer.SortOrder">
            <summary>
            Sort order
            </summary>
        </member>
        <member name="P:TreeListView.ITreeListViewItemComparer.Column">
            <summary>
            Column for the comparison
            </summary>
        </member>
        <member name="T:TreeListView.SelectedTreeListViewItemCollection">
            <summary>
            Collection of selected items in a TreeListView
            </summary>
        </member>
        <member name="M:TreeListView.SelectedTreeListViewItemCollection.#ctor(TreeListView.TreeListView)">
            <summary>
            Create a new instance of a SelectedTreeListViewItemCollection
            </summary>
            <param name="TreeListView"></param>
        </member>
        <member name="M:TreeListView.SelectedTreeListViewItemCollection.Contains(TreeListView.TreeListViewItem)">
            <summary>
            Returns true if the specified item is in the collection
            </summary>
            <param name="item"></param>
            <returns></returns>
        </member>
        <member name="M:TreeListView.SelectedTreeListViewItemCollection.IndexOf(TreeListView.TreeListViewItem)">
            <summary>
            Index of an item
            </summary>
            <param name="item"></param>
            <returns></returns>
        </member>
        <member name="P:TreeListView.SelectedTreeListViewItemCollection.Item(System.Int32)">
            <summary>
            Gets a TreeListViewItem at the specified index
            </summary>
        </member>
        <member name="T:TreeListView.TreeListView">
            <summary>
            TreeListView control (simulates a TreeView in a ListView)
            </summary>
        </member>
        <member name="M:TreeListView.TreeListView.OnAfterLabelEdit(TreeListView.TreeListViewLabelEditEventArgs)">
            <summary>
            Raises the AfterLabelEdit event.
            </summary>
            <param name="e"></param>
        </member>
        <member name="M:TreeListView.TreeListView.OnAfterLabelEdit(System.Windows.Forms.LabelEditEventArgs)">
            <summary>
            Please use OnAfterLabelEdit(TreeListViewLabelEditEventArgs e)
            </summary>
            <param name="e"></param>
        </member>
        <member name="M:TreeListView.TreeListView.OnBeforeLabelEdit(TreeListView.TreeListViewBeforeLabelEditEventArgs)">
            <summary>
            Raises the BeforeLabelEdit event.
            </summary>
            <param name="e"></param>
        </member>
        <member name="M:TreeListView.TreeListView.OnBeforeLabelEdit(System.Windows.Forms.LabelEditEventArgs)">
            <summary>
            Please use OnBeforeLabelEdit(TreeListViewLabelEditEventArgs e)
            </summary>
            <param name="e"></param>
        </member>
        <member name="M:TreeListView.TreeListView.OnBeforeExpand(TreeListView.TreeListViewCancelEventArgs)">
            <summary>
            Raises the BeforeExpand event.
            </summary>
            <param name="e"></param>
        </member>
        <member name="M:TreeListView.TreeListView.OnAfterExpand(TreeListView.TreeListViewEventArgs)">
            <summary>
            Raises the AfterExpand event.
            </summary>
            <param name="e"></param>
        </member>
        <member name="M:TreeListView.TreeListView.OnBeforeCollapse(TreeListView.TreeListViewCancelEventArgs)">
            <summary>
            Raises the BeforeCollapse event.
            </summary>
            <param name="e"></param>
        </member>
        <member name="M:TreeListView.TreeListView.OnAfterCollapse(TreeListView.TreeListViewEventArgs)">
            <summary>
            Raises the AfterCollapse event.
            </summary>
            <param name="e"></param>
        </member>
        <member name="M:TreeListView.TreeListView.OnMouseDown(System.Windows.Forms.MouseEventArgs)">
            <summary>
            Raises the MouseDown event
            </summary>
            <param name="e">A MouseEventArgs that contains the event data</param>
        </member>
        <member name="M:TreeListView.TreeListView.#ctor">
            <summary>
            Create a new instance of a TreeListView
            </summary>
        </member>
        <member name="M:TreeListView.TreeListView.WndProc(System.Windows.Forms.Message@)">
            <summary>
            WndProc
            </summary>
            <param name="m"></param>
        </member>
        <member name="M:TreeListView.TreeListView.OnKeyDown(System.Windows.Forms.KeyEventArgs)">
            <summary>
            Raises the KeyDown event
            </summary>
            <param name="e"></param>
        </member>
        <member name="M:TreeListView.TreeListView.ExpandAll">
            <summary>
            Expands all the tree nodes
            </summary>
        </member>
        <member name="M:TreeListView.TreeListView.CollapseAll">
            <summary>
            Collapses all the tree nodes
            </summary>
        </member>
        <member name="M:TreeListView.TreeListView.GetItemRect(System.Int32,TreeListView.TreeListViewItemBoundsPortion)">
            <summary>
            Retrieves the specified portion of the bounding rectangle for a specific item within the list view control
            </summary>
            <param name="index">The zero-based index of the item within the ListView.ListViewItemCollection whose bounding rectangle you want to return</param>
            <param name="portion">One of the TreeListViewItemBoundsPortion values that represents a portion of the TreeListViewItem for which to retrieve the bounding rectangle</param>
            <returns>A Rectangle that represents the bounding rectangle for the specified portion of the specified TreeListViewItem</returns>
        </member>
        <member name="M:TreeListView.TreeListView.KillFocus">
            <summary>
            Kill the focus of the control
            </summary>
        </member>
        <member name="M:TreeListView.TreeListView.OnItemCheck(System.Windows.Forms.ItemCheckEventArgs)">
            <summary>
            Raises the ItemCheck event
            </summary>
            <param name="e">An ItemCheckEventArgs that contains the event data</param>
        </member>
        <member name="M:TreeListView.TreeListView.OnColumnClick(System.Windows.Forms.ColumnClickEventArgs)">
            <summary>
            Raises the ColumnClick event
            </summary>
            <param name="e">A ColumnClickEventArgs that contains the event data</param>
        </member>
        <member name="M:TreeListView.TreeListView.OnVisibleChanged(System.EventArgs)">
            <summary>
            Raises the VisibleChanged event
            </summary>
            <param name="e"></param>
        </member>
        <member name="M:TreeListView.TreeListView.GetItemAt(System.Drawing.Point)">
            <summary>
            Gets an item at the specified coordinates
            </summary>
            <param name="p">Mouse position</param>
            <returns></returns>
        </member>
        <member name="M:TreeListView.TreeListView.GetItemAtFullRow(System.Drawing.Point)">
            <summary>
            Gets an item at the specified coordinates (fullrow)
            </summary>
            <param name="p">Mouse position</param>
            <returns></returns>
        </member>
        <member name="M:TreeListView.TreeListView.GetItemAt(System.Int32,System.Int32)">
            <summary>
            Gets an item at the specified coordinates.
            </summary>
            <param name="x"></param>
            <param name="y"></param>
            <returns></returns>
        </member>
        <member name="M:TreeListView.TreeListView.GetTreeListViewItemFromIndex(System.Int32)">
            <summary>
            Gets the TreeListViewItem from the ListView index of the item
            </summary>
            <param name="index">Index of the Item</param>
            <returns></returns>
        </member>
        <member name="M:TreeListView.TreeListView.Sort">
            <summary>
            Not supported (use items.Sort)
            </summary>
        </member>
        <member name="M:TreeListView.TreeListView.Dispose(System.Boolean)">
            <summary>
            Nettoyage des ressources utilisées.
            </summary>
        </member>
        <member name="M:TreeListView.TreeListView.BeginUpdate">
            <summary>
            Prevents the control from drawing until the EndUpdate method is called
            </summary>
        </member>
        <member name="M:TreeListView.TreeListView.EndUpdate">
            <summary>
            Resumes drawing of the list view control after drawing is suspended by the BeginUpdate method
            </summary>
        </member>
        <member name="M:TreeListView.TreeListView.GetColumnIndex(System.Int32)">
            <summary>
            Get the index of the specified column from its physical position
            </summary>
            <param name="columnorder"></param>
            <returns></returns>
        </member>
        <member name="M:TreeListView.TreeListView.GetColumnOrder(System.Int32)">
            <summary>
            Gets the order of a specified column
            </summary>
            <param name="columnindex"></param>
            <returns></returns>
        </member>
        <member name="M:TreeListView.TreeListView.GetColumnsOrder">
            <summary>
            Gets the columns order
            </summary>
            <returns>Example {3,1,4,2}</returns>
        </member>
        <member name="M:TreeListView.TreeListView.SetColumnsOrder(System.Int32[])">
            <summary>
            Indicates the column order (for example : {0,1,3,2})
            </summary>
            <param name="colorderarray"></param>
        </member>
        <member name="M:TreeListView.TreeListView.Scroll(System.Int32,System.Int32)">
            <summary>
            Scrolls the control
            </summary>
            <param name="x"></param>
            <param name="y"></param>
        </member>
        <member name="M:TreeListView.TreeListView.SetColumnsOrder(System.String)">
            <summary>
            Indicates the column order (for example : "3142")
            </summary>
            <param name="colorder"></param>
        </member>
        <member name="M:TreeListView.TreeListView.GetVisibleItems">
            <summary>
            Gets the items that are visible in the TreeListView
            </summary>
            <returns>A collection of items</returns>
        </member>
        <member name="M:TreeListView.TreeListView.GetColumnAt(System.Drawing.Point)">
            <summary>
            Gets the column at the specified position
            </summary>
            <param name="p">Point in client coordinates</param>
            <returns>The nul zero based index of the column (-1 if failed)</returns>
        </member>
        <member name="M:TreeListView.TreeListView.GetSubItemRect(TreeListView.TreeListViewItem,System.Int32)">
            <summary>
            Get SubItem rectangle
            </summary>
            <param name="item"></param>
            <param name="column"></param>
            <returns></returns>
        </member>
        <member name="M:TreeListView.TreeListView.GetSubItemRect(System.Int32,System.Int32)">
            <summary>
            Get SubItem rectangle
            </summary>
            <param name="row"></param>
            <param name="col"></param>
            <returns></returns>
        </member>
        <member name="M:TreeListView.TreeListView.GetHeaderItemText(System.Int32)">
            <summary>
            Get HeaderItem text
            </summary>
            <param name="index"></param>
            <returns></returns>
        </member>
        <member name="M:TreeListView.TreeListView.GetHeaderItemRect(System.Int32)">
            <summary>
            Get HeaderItem rect
            </summary>
            <param name="index"></param>
            <returns></returns>
        </member>
        <member name="M:TreeListView.TreeListView.GetRowRect(System.Int32)">
            <summary>
            Get row rect
            </summary>
            <param name="row"></param>
            <returns></returns>
        </member>
        <member name="E:TreeListView.TreeListView.AfterLabelEdit">
            <summary>
            Occurs when the label for an item is edited by the user.
            </summary>
        </member>
        <member name="E:TreeListView.TreeListView.BeforeLabelEdit">
            <summary>
            Occurs when the user starts editing the label of an item.
            </summary>
        </member>
        <member name="E:TreeListView.TreeListView.BeforeExpand">
            <summary>
            Occurs before the tree node is collapsed.
            </summary>
        </member>
        <member name="E:TreeListView.TreeListView.BeforeCollapse">
            <summary>
            Occurs before the tree node is collapsed.
            </summary>
        </member>
        <member name="E:TreeListView.TreeListView.AfterExpand">
            <summary>
            Occurs after the tree node is expanded
            </summary>
        </member>
        <member name="E:TreeListView.TreeListView.AfterCollapse">
            <summary>
            Occurs after the tree node is collapsed
            </summary>
        </member>
        <member name="P:TreeListView.TreeListView.Scrollable">
            <summary>
            Gets or sets a value indicating whether a scroll bar is added to the control when there is not enough room to display all items
            </summary>
        </member>
        <member name="P:TreeListView.TreeListView.CheckBoxes">
            <summary>
            Gets or sets a value indicating whether a check box appears next to each item in the control
            </summary>
        </member>
        <member name="P:TreeListView.TreeListView.FullRowSelect">
            <summary>
            Gets or sets a value indicating whether clicking an item selects all its subitems
            </summary>
        </member>
        <member name="P:TreeListView.TreeListView.StateImageList">
            <summary>
            Not supported
            </summary>
        </member>
        <member name="P:TreeListView.TreeListView.LargeImageList">
            <summary>
            Not supported
            </summary>
        </member>
        <member name="P:TreeListView.TreeListView.SmallImageList">
            <summary>
            Gets or sets the ImageList to use when displaying items as small icons in the control (must be filled in)
            </summary>
        </member>
        <member name="P:TreeListView.TreeListView.Sorting">
            <summary>
            Get or set the sort order
            </summary>
        </member>
        <member name="P:TreeListView.TreeListView.ExpandMethod">
            <summary>
            Get or set the expand method
            </summary>
        </member>
        <member name="P:TreeListView.TreeListView.View">
            <summary>
            View (always Details)
            </summary>
        </member>
        <member name="P:TreeListView.TreeListView.Items">
            <summary>
            Items of the TreeListView
            </summary>
        </member>
        <member name="P:TreeListView.TreeListView.SelectedItems">
            <summary>
            Get currently selected items
            </summary>
        </member>
        <member name="P:TreeListView.TreeListView.CheckedItems">
            <summary>
            Get currently checked items
            </summary>
        </member>
        <member name="P:TreeListView.TreeListView.FocusedItem">
            <summary>
            Gets the item in the control that currently has focus.
            </summary>
        </member>
        <member name="P:TreeListView.TreeListView.HasMarquee">
            <summary>
            Gets whether the marquee selection tool is curently being used
            </summary>
        </member>
        <member name="P:TreeListView.TreeListView.EditedItem">
            <summary>
            Gets the informations of the current edited item
            </summary>
        </member>
        <member name="P:TreeListView.TreeListView.InEdit">
            <summary>
            Gets whether an item is currently edited
            </summary>
        </member>
        <member name="P:TreeListView.TreeListView.ItemsCount">
            <summary>
            Get the number of items recursively
            </summary>
        </member>
        <member name="P:TreeListView.TreeListView.Comparer">
            <summary>
            Get or set the comparer
            </summary>
        </member>
        <member name="P:TreeListView.TreeListView.ShowPlusMinus">
            <summary>
            Gets or sets a value indicating whether plus-sign (+) and minus-sign (-) buttons are displayed next to TreeListView that contain child TreeListViews
            </summary>
        </member>
        <member name="P:TreeListView.TreeListView.PlusMinusLineColor">
            <summary>
            Gets or Sets the color of the lines if ShowPlusMinus property is enabled
            </summary>
        </member>
        <member name="P:TreeListView.TreeListView.UseXPHighlightStyle">
            <summary>
            Gets or Sets whether the control draw XP-Style highlight color
            </summary>
        </member>
        <member name="P:TreeListView.TreeListView.PathSeparator">
            <summary>
            Gets or sets the delimiter string that the TreeListViewItem path uses
            </summary>
        </member>
        <member name="T:TreeListView.CheckDirection">
            <summary>
            Check boxes direction in the TreeListView
            </summary>
        </member>
        <member name="F:TreeListView.CheckDirection.None">
            <summary>
            Simply check the item
            </summary>
        </member>
        <member name="F:TreeListView.CheckDirection.Upwards">
            <summary>
            Set the indeterminate state to the parent items
            </summary>
        </member>
        <member name="F:TreeListView.CheckDirection.Downwards">
            <summary>
            Check children items recursively
            </summary>
        </member>
        <member name="F:TreeListView.CheckDirection.All">
            <summary>
            Upwards + Downwards
            </summary>
        </member>
        <member name="T:TreeListView.EditItemInformations">
            <summary>
            Class that contains all informations on an edited item
            </summary>
        </member>
        <member name="M:TreeListView.EditItemInformations.#ctor(TreeListView.TreeListViewItem,System.Int32,System.String)">
            <summary>
            Creates a new instance of EditItemInformations
            </summary>
            <param name="item"></param>
            <param name="column"></param>
            <param name="label"></param>
        </member>
        <member name="P:TreeListView.EditItemInformations.Label">
            <summary>
            Gets the label of the subitem
            </summary>
        </member>
        <member name="P:TreeListView.EditItemInformations.Item">
            <summary>
            Gets the item being edited
            </summary>
        </member>
        <member name="P:TreeListView.EditItemInformations.ColumnIndex">
            <summary>
            Gets the number of the subitem
            </summary>
        </member>
        <member name="T:TreeListView.TreeListViewBeforeLabelEditEventHandler">
            <summary>
            TreeListViewBeforeLabelEditEventHandler delegate
            </summary>
        </member>
        <member name="T:TreeListView.TreeListViewLabelEditEventHandler">
            <summary>
            TreeListViewItemLabelEditHandler delegate
            </summary>
        </member>
        <member name="T:TreeListView.TreeListViewCancelEventHandler">
            <summary>
            TreeListViewCancelEventHandler delegate
            </summary>
        </member>
        <member name="T:TreeListView.TreeListViewEventHandler">
            <summary>
            TreeListViewEventHandler delegate
            </summary>
        </member>
        <member name="T:TreeListView.TreeListViewLabelEditEventArgs">
            <summary>
            Arguments of a TreeListViewLabelEdit event.
            </summary>
        </member>
        <member name="M:TreeListView.TreeListViewLabelEditEventArgs.#ctor(TreeListView.TreeListViewItem,System.Int32,System.String)">
            <summary>
            Creates a new instance of TreeListViewLabelEditEventArgs
            </summary>
            <param name="item"></param>
            <param name="column"></param>
            <param name="label"></param>
        </member>
        <member name="P:TreeListView.TreeListViewLabelEditEventArgs.Label">
            <summary>
            Gets the label of the subitem
            </summary>
        </member>
        <member name="P:TreeListView.TreeListViewLabelEditEventArgs.Item">
            <summary>
            Gets the item being edited
            </summary>
        </member>
        <member name="P:TreeListView.TreeListViewLabelEditEventArgs.ColumnIndex">
            <summary>
            Gets the number of the subitem
            </summary>
        </member>
        <member name="T:TreeListView.TreeListViewBeforeLabelEditEventArgs">
            <summary>
            Arguments of a TreeListViewBeforeLabelEdit event.
            </summary>
        </member>
        <member name="M:TreeListView.TreeListViewBeforeLabelEditEventArgs.#ctor(TreeListView.TreeListViewItem,System.Int32,System.String)">
            <summary>
            Creates a new instance of TreeListViewBeforeLabelEditEventArgs
            </summary>
            <param name="item"></param>
            <param name="column"></param>
            <param name="label"></param>
        </member>
        <member name="P:TreeListView.TreeListViewBeforeLabelEditEventArgs.ColumnIndex">
            <summary>
            Gets or sets the index of the subitem
            </summary>
        </member>
        <member name="P:TreeListView.TreeListViewBeforeLabelEditEventArgs.Editor">
            <summary>
            Gets or sets the editor (a TextBox will be displayed if null)
            </summary>
        </member>
        <member name="T:TreeListView.TreeListViewEventArgs">
            <summary>
            Arguments of a TreeListViewEvent
            </summary>
        </member>
        <member name="M:TreeListView.TreeListViewEventArgs.#ctor(TreeListView.TreeListViewItem,TreeListView.TreeListViewAction)">
            <summary>
            Create a new instance of TreeListViewEvent arguments
            </summary>
            <param name="item"></param>
            <param name="action"></param>
        </member>
        <member name="P:TreeListView.TreeListViewEventArgs.Item">
            <summary>
            Item that will be expanded
            </summary>
        </member>
        <member name="P:TreeListView.TreeListViewEventArgs.Action">
            <summary>
            Action returned by the event
            </summary>
        </member>
        <member name="T:TreeListView.TreeListViewCancelEventArgs">
            <summary>
            Arguments of a TreeListViewCancelEventArgs
            </summary>
        </member>
        <member name="M:TreeListView.TreeListViewCancelEventArgs.#ctor(TreeListView.TreeListViewItem,TreeListView.TreeListViewAction)">
            <summary>
            Create a new instance of TreeListViewCancelEvent arguments
            </summary>
            <param name="item"></param>
            <param name="action"></param>
        </member>
        <member name="P:TreeListView.TreeListViewCancelEventArgs.Cancel">
            <summary>
            True -> the operation is canceled
            </summary>
        </member>
        <member name="T:TreeListView.TreeListViewAction">
            <summary>
            TreeListView actions
            </summary>
        </member>
        <member name="F:TreeListView.TreeListViewAction.ByKeyboard">
            <summary>
            By Keyboard
            </summary>
        </member>
        <member name="F:TreeListView.TreeListViewAction.ByMouse">
            <summary>
            ByMouse
            </summary>
        </member>
        <member name="F:TreeListView.TreeListViewAction.Collapse">
            <summary>
            Collapse
            </summary>
        </member>
        <member name="F:TreeListView.TreeListViewAction.Expand">
            <summary>
            Expand
            </summary>
        </member>
        <member name="F:TreeListView.TreeListViewAction.Unknown">
            <summary>
            Unknown
            </summary>
        </member>
        <member name="T:TreeListView.TreeListViewExpandMethod">
            <summary>
            Expand / Collapse method
            </summary>
        </member>
        <member name="F:TreeListView.TreeListViewExpandMethod.IconDbleClick">
            <summary>
            Expand when double clicking on the icon
            </summary>
        </member>
        <member name="F:TreeListView.TreeListViewExpandMethod.EntireItemDbleClick">
            <summary>
            Expand when double clicking on the entire item
            </summary>
        </member>
        <member name="F:TreeListView.TreeListViewExpandMethod.ItemOnlyDbleClick">
            <summary>
            Expand when double clicking on the item only
            </summary>
        </member>
        <member name="F:TreeListView.TreeListViewExpandMethod.None">
            <summary>
            None
            </summary>
        </member>
        <member name="T:TreeListView.CheckBoxesTypes">
            <summary>
            Check boxes types for TreeListView control
            </summary>
        </member>
        <member name="F:TreeListView.CheckBoxesTypes.None">
            <summary>
            No CheckBoxes
            </summary>
        </member>
        <member name="F:TreeListView.CheckBoxesTypes.Simple">
            <summary>
            Simple CheckBoxes
            </summary>
        </member>
        <member name="F:TreeListView.CheckBoxesTypes.Recursive">
            <summary>
            Check children recursively and set indeterminate state for the parents
            </summary>
        </member>
        <member name="T:TreeListView.TreeListViewItemBoundsPortion">
            <summary>
            Specifies a portion of the tree list view item from which to retrieve the bounding rectangle
            </summary>
        </member>
        <member name="F:TreeListView.TreeListViewItemBoundsPortion.Entire">
            <summary>
            The bounding rectangle of the entire item, including the icon, the item text, and the subitem text (if displayed), should be retrieved
            </summary>
        </member>
        <member name="F:TreeListView.TreeListViewItemBoundsPortion.Icon">
            <summary>
            The bounding rectangle of the icon or small icon should be retrieved
            </summary>
        </member>
        <member name="F:TreeListView.TreeListViewItemBoundsPortion.ItemOnly">
            <summary>
            The bounding rectangle specified by the Entire value without the subitems
            </summary>
        </member>
        <member name="F:TreeListView.TreeListViewItemBoundsPortion.Label">
            <summary>
            The bounding rectangle of the item text should be retrieved
            </summary>
        </member>
        <member name="F:TreeListView.TreeListViewItemBoundsPortion.PlusMinus">
            <summary>
            The bounding rectangle of the item plus minus
            </summary>
        </member>
        <member name="T:TreeListView.TreeListViewItem">
            <summary>
            Represents an item in a TreeListView control
            </summary>
        </member>
        <member name="M:TreeListView.TreeListViewItem.#ctor">
            <summary>
            Create a new instance of a TreeListViewItem
            </summary>
        </member>
        <member name="M:TreeListView.TreeListViewItem.#ctor(System.String)">
            <summary>
            Create a new instance of a TreeListViewItem
            </summary>
        </member>
        <member name="M:TreeListView.TreeListViewItem.#ctor(System.String,System.Int32)">
            <summary>
            Create a new instance of a TreeListViewItem
            </summary>
        </member>
        <member name="M:TreeListView.TreeListViewItem.BeginEdit(System.Int32)">
            <summary>
            Places the subitem into edit mode
            </summary>
            <param name="column">Number of the subitem to edit</param>
        </member>
        <member name="M:TreeListView.TreeListViewItem.BeginEdit">
            <summary>
            Places the item into edit mode
            </summary>
        </member>
        <member name="M:TreeListView.TreeListViewItem.Redraw">
            <summary>
            Asks the associated TreeListView control to redraw this item
            </summary>
        </member>
        <member name="M:TreeListView.TreeListViewItem.GetBounds(TreeListView.TreeListViewItemBoundsPortion)">
            <summary>
            Retrieves the specified portion of the bounding rectangle for the item
            </summary>
            <param name="portion">One of the TreeListViewItemBoundsPortion values that represents a portion of the item for which to retrieve the bounding rectangle</param>
            <returns>A Rectangle that represents the bounding rectangle for the specified portion of the item</returns>
        </member>
        <member name="M:TreeListView.TreeListViewItem.Remove">
            <summary>
            Remove this item from its associated collection
            </summary>
        </member>
        <member name="M:TreeListView.TreeListViewItem.IsAParentOf(TreeListView.TreeListViewItem)">
            <summary>
            Check if this node is one of the parents of an item (recursively)
            </summary>
            <param name="item"></param>
            <returns></returns>
        </member>
        <member name="M:TreeListView.TreeListViewItem.EnsureVisible">
            <summary>
            Ensure that the node is visible (expand parents and scroll listview so that the item is visible)
            </summary>
        </member>
        <member name="M:TreeListView.TreeListViewItem.SetIndentation">
            <summary>
            Set the indentation using the level of this item
            </summary>
            <returns>True if successfull, false otherwise</returns>
        </member>
        <member name="M:TreeListView.TreeListViewItem.RefreshIndentation(System.Boolean)">
            <summary>
            Refresh indentation of this item and of its children (recursively)
            </summary>
            <param name="recursively">Recursively</param>
        </member>
        <member name="M:TreeListView.TreeListViewItem.Expand">
            <summary>
            Expand
            </summary>
        </member>
        <member name="M:TreeListView.TreeListViewItem.ExpandAll">
            <summary>
            Expand all sub nodes
            </summary>
        </member>
        <member name="M:TreeListView.TreeListViewItem.Collapse">
            <summary>
            Collapse
            </summary>
        </member>
        <member name="M:TreeListView.TreeListViewItem.CollapseAll">
            <summary>
            Collapse all sub nodes
            </summary>
        </member>
        <member name="M:TreeListView.TreeListViewItem.Hide">
            <summary>
            Hide this node (remove from TreeListView but
            not from associated Parent items)
            </summary>
        </member>
        <member name="E:TreeListView.TreeListViewItem.AfterCollapse">
            <summary>
            Occurs after the tree node is collapsed
            </summary>
        </member>
        <member name="E:TreeListView.TreeListViewItem.AfterExpand">
            <summary>
            Occurs after the tree node is expanded
            </summary>
        </member>
        <member name="P:TreeListView.TreeListViewItem.NextVisibleItem">
            <summary>
            Gets the next visible item in the TreeListView
            </summary>
        </member>
        <member name="P:TreeListView.TreeListViewItem.PrevVisibleItem">
            <summary>
            Gets the previous visible item in the TreeListView
            </summary>
        </member>
        <member name="P:TreeListView.TreeListViewItem.Checked">
            <summary>
            Gets or sets a value indicating whether the item is checked.
            </summary>
        </member>
        <member name="P:TreeListView.TreeListViewItem.CheckStatus">
            <summary>
            Gets the check state of this item
            </summary>
        </member>
        <member name="P:TreeListView.TreeListViewItem.ParentsInHierarch">
            <summary>
            Gets a collection of the parent of this item
            </summary>
        </member>
        <member name="P:TreeListView.TreeListViewItem.FullPath">
            <summary>
            Gets the fullpath of an item (Parents.Text + \ + this.Text)
            </summary>
        </member>
        <member name="P:TreeListView.TreeListViewItem.Text">
            <summary>
            Get or Set the Text property
            </summary>
        </member>
        <member name="P:TreeListView.TreeListViewItem.Container">
            <summary>
            Get the collection that contains this item
            </summary>
        </member>
        <member name="P:TreeListView.TreeListViewItem.LastChildIndexInListView">
            <summary>
            Get the biggest index in the listview of the visible childs of this item
            including this item
            </summary>
        </member>
        <member name="P:TreeListView.TreeListViewItem.ChildrenCount">
            <summary>
            Get the children count recursively
            </summary>
        </member>
        <member name="P:TreeListView.TreeListViewItem.IsExpanded">
            <summary>
            Returns true if this item is expanded
            </summary>
        </member>
        <member name="P:TreeListView.TreeListViewItem.Level">
            <summary>
            Get the level of the item in the treelistview
            </summary>
        </member>
        <member name="P:TreeListView.TreeListViewItem.Items">
            <summary>
            Get the items contained in this item
            </summary>
        </member>
        <member name="P:TreeListView.TreeListViewItem.Parent">
            <summary>
            Get the parent of this item
            </summary>
        </member>
        <member name="P:TreeListView.TreeListViewItem.ListView">
            <summary>
            Gets the TreeListView containing this item
            </summary>
        </member>
        <member name="P:TreeListView.TreeListViewItem.TreeListView">
            <summary>
            Gets the TreeListView containing this item
            </summary>
        </member>
        <member name="P:TreeListView.TreeListViewItem.Visible">
            <summary>
            Returns true if this item is visible in the TreeListView
            </summary>
        </member>
        <member name="T:TreeListView.TreeListViewItem.TreeListViewItemHanlder">
            <summary>
            TreeListViewItemHandler delegate
            </summary>
        </member>
        <member name="T:TreeListView.TreeListViewItem.TreeListViewItemCheckedHandler">
            <summary>
            TreeListViewItemCheckedHandler delegate
            </summary>
        </member>
        <member name="T:TreeListView.TreeListViewItemCollection">
            <summary>
            Represents the collection of items in a TreeListView control or in a TreeListViewItem
            </summary>
        </member>
        <member name="F:TreeListView.TreeListViewItemCollection.ItemAdded">
            <summary>
            Occurs when an item is added to the collection
            </summary>
        </member>
        <member name="F:TreeListView.TreeListViewItemCollection.ItemRemoved">
            <summary>
            Occurs when an item is removed from the collection
            </summary>
        </member>
        <member name="M:TreeListView.TreeListViewItemCollection.OnItemAdded(TreeListView.TreeListViewEventArgs)">
            <summary>
            Raises the ItemAdded event
            </summary>
            <param name="e"></param>
        </member>
        <member name="M:TreeListView.TreeListViewItemCollection.OnItemRemoved(TreeListView.TreeListViewEventArgs)">
            <summary>
            Raises the ItemRemoved event
            </summary>
            <param name="e"></param>
        </member>
        <member name="M:TreeListView.TreeListViewItemCollection.#ctor(TreeListView.TreeListView)">
            <summary>
            Create a collection in the root of a TreeListView (first level items)
            </summary>
            <param name="owner"></param>
        </member>
        <member name="M:TreeListView.TreeListViewItemCollection.#ctor(TreeListView.TreeListViewItem)">
            <summary>
            Create a collection within a TreeListViewItem
            </summary>
            <param name="parent"></param>
        </member>
        <member name="M:TreeListView.TreeListViewItemCollection.#ctor">
            <summary>
            Create a free TreeListViewItemCollection (items will not be
            displayed in a TreeListView
            </summary>
        </member>
        <member name="M:TreeListView.TreeListViewItemCollection.ToArray">
            <summary>
            Transforms the collection to an array
            </summary>
        </member>
        <member name="M:TreeListView.TreeListViewItemCollection.Sort(System.Boolean)">
            <summary>
            Sort the items in this collection (recursively or not)
            </summary>
            <param name="recursively">Recursively</param>
        </member>
        <member name="M:TreeListView.TreeListViewItemCollection.Contains(TreeListView.TreeListViewItem)">
            <summary>
            Returns true if this collection contains an item
            </summary>
            <param name="item"></param>
            <returns></returns>
        </member>
        <member name="M:TreeListView.TreeListViewItemCollection.Add(TreeListView.TreeListViewItem)">
            <summary>
            Adds an item in the collection and in the TreeListView
            </summary>
            <param name="item"></param>
            <returns>Index of the item in the collection</returns>
        </member>
        <member name="M:TreeListView.TreeListViewItemCollection.Add(System.String,System.Int32)">
            <summary>
            Adds an item in the collection and in the TreeListView
            </summary>
            <param name="value"></param>
            <param name="imageindex"></param>
            <returns></returns>
        </member>
        <member name="M:TreeListView.TreeListViewItemCollection.Add(System.String)">
            <summary>
            Adds an item in the collection and in the TreeListView
            </summary>
            <param name="value"></param>
            <returns></returns>
        </member>
        <member name="M:TreeListView.TreeListViewItemCollection.AddRange(TreeListView.TreeListViewItemCollection)">
            <summary>
            Adds a collection to this collection
            </summary>
            <param name="collection"></param>
        </member>
        <member name="M:TreeListView.TreeListViewItemCollection.Clear">
            <summary>
            Removes each node of the collection
            </summary>
        </member>
        <member name="M:TreeListView.TreeListViewItemCollection.Remove(TreeListView.TreeListViewItem)">
            <summary>
            Remove an item from the collection and the TreeListView
            </summary>
            <param name="item"></param>
        </member>
        <member name="M:TreeListView.TreeListViewItemCollection.GetIndexOf(TreeListView.TreeListViewItem)">
            <summary>
            Gets the index of an item in the collection
            </summary>
            <param name="item"></param>
            <returns></returns>
        </member>
        <member name="M:TreeListView.TreeListViewItemCollection.RemoveAt(System.Int32)">
            <summary>
            Remove an item from the collection and the TreeListView
            </summary>
            <param name="index"></param>
        </member>
        <member name="P:TreeListView.TreeListViewItemCollection.Sortable">
            <summary>
            Gets or sets a value indicating whether the items of the collection can be reorder while the sort function is being called
            </summary>
        </member>
        <member name="P:TreeListView.TreeListViewItemCollection.SortOrder">
            <summary>
            Get or set the new sortorder (apply automatically the sort function
            if the sortorder value is changed)
            </summary>
        </member>
        <member name="P:TreeListView.TreeListViewItemCollection.Comparer">
            <summary>
            Gets the comparer used in the Sort and Add functions
            </summary>
        </member>
        <member name="P:TreeListView.TreeListViewItemCollection.SortOrderRecursively">
            <summary>
            Set the new sortorder (apply automatically the sort function
            if the sortorder value is changed) for each collection recursively
            </summary>
        </member>
        <member name="P:TreeListView.TreeListViewItemCollection.Owner">
            <summary>
            TreeListView control that directly contains this collection
            </summary>
        </member>
        <member name="P:TreeListView.TreeListViewItemCollection.Parent">
            <summary>
            TreeListViewItem that contains this collection
            </summary>
        </member>
        <member name="P:TreeListView.TreeListViewItemCollection.TreeListView">
            <summary>
            Returns the TreeListView set in Owner or in Parent
            </summary>
        </member>
        <member name="P:TreeListView.TreeListViewItemCollection.Item(System.Int32)">
            <summary>
            Get an item in the collection
            </summary>
        </member>
        <member name="T:TreeListView.TreeListViewItemCollection.TreeListViewItemCollectionComparer">
            <summary>
            Comparer for TreeListViewItem
            </summary>
        </member>
        <member name="M:TreeListView.TreeListViewItemCollection.TreeListViewItemCollectionComparer.#ctor">
            <summary>
            Create a new instance of  Comparer
            </summary>
        </member>
        <member name="M:TreeListView.TreeListViewItemCollection.TreeListViewItemCollectionComparer.#ctor(System.Windows.Forms.SortOrder)">
            <summary>
            Create a new instance of  Comparer
            </summary>
            <param name="order"></param>
        </member>
        <member name="M:TreeListView.TreeListViewItemCollection.TreeListViewItemCollectionComparer.#ctor(System.Windows.Forms.SortOrder,System.Int32)">
            <summary>
            Create a new instance of  Comparer
            </summary>
            <param name="order"></param>
            <param name="column"></param>
        </member>
        <member name="M:TreeListView.TreeListViewItemCollection.TreeListViewItemCollectionComparer.Compare(System.Object,System.Object)">
            <summary>
            Compare two TreeListViewItems
            </summary>
            <param name="x"></param>
            <param name="y"></param>
            <returns></returns>
        </member>
        <member name="P:TreeListView.TreeListViewItemCollection.TreeListViewItemCollectionComparer.SortOrder">
            <summary>
            Sort order
            </summary>
        </member>
        <member name="P:TreeListView.TreeListViewItemCollection.TreeListViewItemCollectionComparer.Column">
            <summary>
            Column for the comparison
            </summary>
        </member>
    </members>
</doc>
